ID,First Name,Last Name,Email,Registered At
"16","John","Cit","tim.ca2023@gmail.com","2026-06-14, 2:41:06 p.m."
"15","Code","Racer","coderacer650@gmail.com","2026-06-11, 5:55:55 p.m."
"14","Tim","Smith","tim.ca2023@gmail.com","2026-06-11, 5:54:07 p.m."
"13","Tim","Smith","tim.ca2023@gmail.com","2026-06-11, 5:53:15 p.m."
"12","Tim","Smith","tim.ca2023@gmail.com","2026-06-11, 5:51:40 p.m."
"11","Tim","Sons","tim.ca2023@gmail.com","2026-06-11, 5:48:16 p.m."
"10","Tim","Smith","tim.ca2023@gmail.com","2026-06-11, 5:40:33 p.m."
"6","Maria","Doe","asd123@gmail.com","2026-06-11, 5:25:49 p.m."
"5","Tim","Smith","tim.ca2023@gmail.com","2026-06-09, 6:43:47 p.m."
"4","John","Dildoe","artemguza2010@gmail.com","2026-06-09, 6:13:37 p.m."
"2","John","Dilda","coderacer650@gmail.com","2026-06-09, 6:04:46 p.m."
"1","John","Doe","john@example.com","2026-06-08, 6:02:35 p.m."